Time(s),d_Torque(Nm),a_Torque(Nm),Velocity(rad/s),Position(rad),Desired_Position(rad),Power(W)
0,0,0.238281,0.121788,-0.00048712,0,0.251312
0.00137839,0,0.234375,-0.0387919,-0.000531403,0.0090684,-0.0787354
0.00226097,0,4.38672,0.0938222,-0.00048712,0.0148721,3.56421
0.00328606,0,6.19922,0.686526,-8.85672e-05,0.0216076,36.8563
0.00435365,0,7.77344,1.15113,0.000929956,0.0286137,77.4915
0.00526414,0,8.96875,1.75556,0.00256845,0.0345798,136.353
0.0062612,0,8.79688,3.16289,0.00549117,0.0411015,240.952
0.00733051,0,9.03516,3.38662,0.00907814,0.0480795,264.984
0.00826647,0,9.17578,4.8553,0.0129751,0.0541713,385.813
0.00932592,0,8.81641,4.69291,0.0180677,0.0610466,358.304
0.0102747,0,7.54297,6.31856,0.0232489,0.0671827,412.742
0.0112217,0,6.77344,7.47239,0.0297586,0.0732863,438.315
0.012209,0,6.25781,5.66812,0.0356483,0.0796245,307.171
0.0132006,0,5.50391,8.89597,0.0431322,0.0859632,424.016
0.0141842,0,4.35156,8.79222,0.0499962,0.0922204,331.331
0.015177,0,2.73828,8.15802,0.0577901,0.0985042,193.455
0.0162229,0,1.83203,8.67945,0.0661154,0.105087,137.703
0.0172488,0,0.980469,7.45616,0.0745293,0.111504,63.3092
0.0182034,0,0,7.0105,0.0819247,0.117437,0
0.0191883,0,-0.375,9.292,0.0902943,0.123519,-30.1758
0.0201641,0,-1.35547,7.06463,0.0975568,0.129503,-82.9272
0.0212068,0,-1.60547,7.19363,0.105528,0.135849,-100.016
0.0222107,0,-2.31641,8.51887,0.113853,0.141908,-170.889
0.0231803,0,-2.42969,7.75837,0.120451,0.147713,-163.245
0.024245,0,-3.02734,5.71503,0.128998,0.15403,-149.83
0.0251715,0,-2.32031,5.73578,0.133648,0.159477,-115.254
0.0261752,0,-1.99219,7.3488,0.140246,0.165323,-126.784
0.0272056,0,-2.00391,6.17873,0.146269,0.171263,-107.225
0.0281909,0,-1.375,6.25541,0.152336,0.176882,-74.4863
0.0292085,0,-0.9375,5.21976,0.158181,0.182621,-42.3779
0.0302107,0,-0.707031,4.71817,0.163185,0.188208,-28.8889
0.0312004,0,-0.25,4.93288,0.168765,0.193659,-10.6797
0.0322063,0,-0.257812,6.23286,0.174256,0.19913,-13.9158
0.0331853,0,-0.0703125,5.49852,0.179437,0.204387,-3.34808
0.0341889,0,0.121094,5.38846,0.184176,0.209703,5.65073
0.0351533,0,0.644531,4.82823,0.189091,0.214741,26.9495
0.0362262,0,0.421875,5.92162,0.194804,0.220262,21.6343
0.037185,0,0.574219,4.46828,0.199498,0.22512,22.2196
0.0381833,0,0.65625,6.01093,0.204856,0.2301,34.1609
0.0391835,0,0.464844,5.45973,0.209993,0.235008,21.9784
0.0402802,0,0.140625,6.0389,0.215971,0.240293,7.35425
0.041233,0,0.320312,6.02898,0.220754,0.244801,16.7238
0.0423691,0,-0.207031,5.54092,0.226511,0.250073,-9.93427
0.0432808,0,0.0117188,4.54045,0.231249,0.254221,0.460785
0.0443023,0,-0.214844,4.19403,0.236297,0.25878,-7.80319
0.0452479,0,-0.109375,4.78132,0.241124,0.262914,-4.52881
0.0463007,0,-0.515625,5.82419,0.246704,0.267418,-26.0068
0.0472944,0,-0.710938,5.08264,0.251575,0.271574,-31.2924
0.0482496,0,-0.597656,5.74029,0.256136,0.275478,-29.7101
0.0492232,0,-0.941406,4.15795,0.260432,0.279366,-33.898
0.0502149,0,-0.910156,5.49942,0.26517,0.283229,-43.3462
0.0512335,0,-0.75,4.59458,0.26951,0.287094,-29.8418
0.052272,0,-1.04688,4.66765,0.273983,0.290925,-42.3167
0.0531652,0,-0.695312,3.79168,0.277393,0.294132,-22.8312
0.0541902,0,-0.964844,3.81694,0.281599,0.297708,-31.8926
0.0551892,0,-0.828125,3.74657,0.285496,0.301087,-26.8688
0.0562029,0,-1.01953,4.49895,0.289748,0.304407,-39.7219
0.0572241,0,-1.08984,3.24228,0.293113,0.307639,-30.6008
0.0581987,0,-1.00391,4.03075,0.296789,0.310617,-35.0426
0.0591595,0,-0.996094,3.7168,0.299977,0.31345,-32.0618
0.0602265,0,-1.40234,3.45608,0.304051,0.316476,-41.9717
0.061222,0,-1.16797,2.68115,0.306753,0.319183,-27.1188
0.0621812,0,-0.910156,2.88774,0.30972,0.321686,-22.761
0.063199,0,-0.855469,3.46511,0.313041,0.324227,-25.6707
0.0642283,0,-1.03125,2.90759,0.315875,0.326675,-25.9666
0.0652068,0,-0.714844,3.19086,0.318443,0.328888,-19.7531
0.0661752,0,-0.777344,2.12994,0.32079,0.330968,-14.3383
0.0671673,0,-0.742188,2.94728,0.323403,0.332985,-18.9432
0.0681552,0,-0.644531,2.41863,0.325706,0.334877,-13.4999
0.0691584,0,-0.636719,2.34646,0.327964,0.33668,-12.9383
0.0701631,0,-0.457031,2.1958,0.330134,0.338365,-8.69073
0.0711668,0,-0.414062,2.12724,0.332171,0.339927,-7.62781
0.0721545,0,-0.644531,1.92606,0.333943,0.341345,-10.7506
0.0731593,0,-0.515625,1.88456,0.335847,0.342666,-8.41516
0.0741438,0,-0.539062,1.5219,0.337485,0.343842,-7.10468
0.0752107,0,-0.671875,1.92245,0.33939,0.344982,-11.1857
0.0761523,0,-0.601562,1.47409,0.340807,0.345873,-7.67932
0.0771595,0,-0.8125,1.59859,0.342401,0.346705,-11.248
0.078151,0,-0.773438,1.41275,0.343597,0.347402,-9.46252
0.0791653,0,-0.839844,1.22239,0.344792,0.347989,-8.89053
0.0802188,0,-0.742188,0.972503,0.345899,0.348464,-6.25061
0.0812345,0,-0.828125,0.965286,0.346829,0.348793,-6.92261
0.0822036,0,-0.8125,0.686526,0.347582,0.348987,-4.83057
0.0831693,0,-0.722656,0.825455,0.348291,0.349064,-5.16586
0.0841828,0,-0.710938,0.725318,0.348822,0.349021,-4.46558
0.0851927,0,-0.8125,0.382506,0.349221,0.348852,-2.69141
0.0861868,0,-0.871094,0.15607,0.349486,0.348561,-1.17734
0.0871923,0,-0.84375,0.0748773,0.349663,0.348143,-0.547119
0.088195,0,-0.796875,0.00631495,0.349708,0.347601,-0.0435791
0.0892098,0,-0.824219,-0.0243577,0.349663,0.346927,0.173859
0.0901958,0,-0.855469,-0.287781,0.349442,0.346149,2.13199
0.0911935,0,-0.878906,-0.427613,0.349132,0.345242,3.2547
0.0921897,0,-0.917969,-0.52775,0.348733,0.344213,4.1954
0.093164,0,-1.00391,-0.335595,0.348291,0.34309,2.9176
0.094188,0,-1.05469,-0.454677,0.347671,0.341785,4.15283
0.0951487,0,-1.08594,-0.854323,0.346874,0.340444,8.03424
0.0961943,0,-1.17969,-0.907549,0.345988,0.338859,9.27161
0.0972291,0,-1.00781,-0.968894,0.344792,0.33716,8.45618
0.0982276,0,-1.31641,-0.893115,0.343995,0.335399,10.1816
0.0992049,0,-1.51172,-1.25758,0.342799,0.333561,16.4636
0.100156,0,-1.58984,-1.37666,0.341515,0.331664,18.9539
0.101166,0,-1.53125,-1.51378,0.340187,0.329531,20.0737
0.10215,0,-1.65625,-1.82863,0.338548,0.327338,26.2283
0.103146,0,-1.67969,-1.48943,0.337043,0.325005,21.6653
0.104134,0,-1.61719,-2.00274,0.335183,0.322577,28.0481
0.105192,0,-1.71484,-1.80517,0.33319,0.319852,26.8078
0.106171,0,-1.60156,-1.75646,0.331109,0.31722,24.3613
0.107198,0,-1.68359,-2.42675,0.328806,0.314341,35.3818
0.108163,0,-1.62891,-1.91433,0.32668,0.311528,27.0042
0.109181,0,-1.64844,-2.36991,0.324112,0.308449,33.8316
0.110174,0,-1.74219,-2.22828,0.321543,0.305335,33.6188
0.111172,0,-1.61328,-3.24859,0.318665,0.302099,45.3861
0.112165,0,-1.68359,-2.38525,0.316141,0.298773,34.7767
0.11322,0,-1.59766,-3.14936,0.312864,0.295126,43.5736
0.114234,0,-1.69141,-3.30272,0.309764,0.29151,48.3769
0.115185,0,-1.89062,-3.49668,0.306885,0.288018,57.2505
0.11616,0,-1.9375,-3.11417,0.30383,0.284349,52.252
0.117168,0,-2.03125,-3.74838,0.300243,0.280447,65.9363
0.118162,0,-1.91406,-3.00592,0.297099,0.276506,49.8254
0.11916,0,-1.86719,-3.90715,0.293423,0.272447,63.178
0.1202,0,-1.48828,-4.04338,0.289261,0.268121,52.1131
0.121199,0,-1.55078,-3.91708,0.285762,0.263865,52.6054
0.122165,0,-1.83984,-3.6311,0.281998,0.259659,57.8545
0.123152,0,-1.71875,-4.9419,0.27788,0.255273,73.5571
0.124144,0,-1.24219,-4.23914,0.273717,0.250775,45.6019
0.125186,0,-1.24219,-4.67036,0.269244,0.24596,50.2407
0.12615,0,-1.25391,-3.53728,0.265215,0.241419,38.4107
0.127155,0,-1.08203,-3.99286,0.260476,0.236599,37.4146
0.128155,0,-1.02344,-5.4065,0.255694,0.231721,47.9177
0.129189,0,-0.917969,-3.91437,0.251044,0.22659,31.1177
0.130244,0,-0.71875,-5.64737,0.245553,0.221265,35.1514
0.131217,0,-1.12891,-5.65279,0.241124,0.216274,55.2635
0.1322,0,-1.13281,-4.26891,0.236696,0.211161,41.8787
0.13316,0,-1.12891,-5.82149,0.231559,0.206099,56.9128
0.134156,0,-1.16016,-5.74029,0.226599,0.200771,57.6725
0.135158,0,-1.125,-4.35642,0.221949,0.195345,42.4424
0.136152,0,-1.23438,-4.81921,0.216547,0.18989,51.5159
0.137168,0,-0.929688,-4.24275,0.211366,0.184247,34.1588
0.138179,0,-1.03125,-5.78089,0.20583,0.17856,51.627
0.139174,0,-1.20312,-4.5179,0.200251,0.172906,47.0723
0.140144,0,-1.125,-5.955,0.195291,0.167331,58.0166
0.141175,0,-1.15234,-6.34563,0.189622,0.161345,63.3249
0.142142,0,-1.14062,-4.87154,0.18453,0.155679,48.1201
0.143183,0,-0.933594,-6.00823,0.178242,0.149516,48.576
0.144185,0,-1.23828,-6.13092,0.172573,0.143533,65.745
0.145142,0,-1.09375,-5.14127,0.167304,0.137773,48.6975
0.146211,0,-0.773438,-6.48095,0.16075,0.131281,43.4092
0.147207,0,-0.695312,-6.4602,0.154151,0.125185,38.8995
0.148205,0,-0.910156,-5.21615,0.149191,0.119037,41.1135
0.149177,0,-1.07422,-6.54229,0.143213,0.113003,60.8612
0.150159,0,-1.02344,-4.97889,0.137678,0.106873,44.1277
0.151158,0,-0.914062,-5.34516,0.131301,0.100595,42.3111
0.152154,0,-0.746094,-7.29558,0.124835,0.0943014,47.138
0.153154,0,-0.574219,-6.44847,0.118636,0.0879519,32.0665
0.154173,0,-1.00391,-6.82015,0.112126,0.0814488,59.2932
0.155205,0,-0.652344,-7.35151,0.105572,0.0748301,41.5309
0.156191,0,-0.570312,-5.59144,0.099771,0.0684832,27.6156
0.157186,0,-0.671875,-7.37136,0.0931727,0.0620519,42.8898
0.158184,0,-0.386719,-6.64514,0.0867516,0.0555738,22.2545
0.159182,0,-0.886719,-5.95951,0.0806405,0.0490851,45.763
0.160146,0,-0.476562,-6.6713,0.0741751,0.0427946,27.5327
0.161248,0,-0.140625,-6.21933,0.0666026,0.035589,7.57397
0.162502,0,0.367188,-6.68483,0.058233,0.0273766,-21.2567
0.163242,0,-1.11328,-5.55265,0.0536717,0.0225186,53.5332
0.164289,0,-0.21875,-7.38579,0.0464092,0.0156383,13.9915
0.165425,0,-0.203125,-5.448,0.0398995,0.00817015,9.58337
0.166209,0,-0.859375,-5.33974,0.0345412,0.00301209,39.7394
0.167262,0,-0.351562,-7.15845,0.0277658,-0.00391472,21.7941
0.168231,0,-0.6875,-5.60588,0.0218318,-0.0102932,33.376
0.1692,0,-0.617188,-7.21258,0.0150564,-0.0166607,38.5501
0.17023,0,-0.566406,-7.75567,0.00828104,-0.0234282,38.0421
0.171227,0,-0.289062,-6.81293,0.00172706,-0.0299672,17.0547
0.172236,0,-0.769531,-6.16159,-0.00451693,-0.0365748,41.0617
0.173177,0,-1.02344,-6.18414,-0.0111152,-0.042731,54.8099
0.174179,0,-0.523438,-6.27346,-0.0174477,-0.0492611,28.4374
0.175209,0,-0.59375,-7.34068,-0.024666,-0.0559653,37.7449
0.17617,0,-0.34375,-6.95276,-0.0307328,-0.0621936,20.6975
0.177219,0,-0.132812,-7.23513,-0.0376411,-0.0689762,8.32153
0.178165,0,-0.246094,-5.45883,-0.0437079,-0.0750649,11.6337
0.17918,0,-0.109375,-5.80705,-0.0506162,-0.0815746,5.50037
0.180527,0,0.8125,-6.8427,-0.05996,-0.0901634,-48.147
0.181246,0,-0.597656,-7.559,-0.0648312,-0.0947249,39.1231
0.18224,0,0.09375,-5.66812,-0.0708095,-0.101002,-4.60181
0.183187,0,-0.378906,-6.97081,-0.0772749,-0.106948,22.8735
0.184182,0,0.015625,-5.25494,-0.0831646,-0.113165,-0.71106
0.18517,0,0.0625,-7.0096,-0.0898515,-0.119295,-3.79395
0.186172,0,0.0117188,-7.3921,-0.096494,-0.125466,-0.750183
0.187163,0,0.101562,-5.57069,-0.102295,-0.131532,-4.8996
0.188211,0,0.164062,-6.80121,-0.109381,-0.13789,-9.66302
0.18915,0,0.0234375,-6.45478,-0.115093,-0.143547,-1.31012
0.190174,0,0.0117188,-6.83278,-0.121559,-0.149662,-0.69342
0.191198,0,0.0664062,-7.21348,-0.127935,-0.15572,-4.14832
0.192156,0,0.128906,-5.41462,-0.133515,-0.161337,-6.04449
0.193154,0,-0.00390625,-6.94825,-0.139759,-0.167131,0.235046
0.194152,0,-0.015625,-5.02941,-0.145029,-0.172861,0.680542
0.195147,0,0.117188,-5.04835,-0.151184,-0.178521,-5.12329
0.196188,0,0.152344,-7.07636,-0.157827,-0.184369,-9.33582
0.19724,0,0.214844,-5.00956,-0.163628,-0.190215,-9.32053
0.19823,0,0.207031,-6.34202,-0.169651,-0.195644,-11.3705
0.199175,0,0.0546875,-6.10746,-0.174876,-0.200758,-2.89246
0.200168,0,0.046875,-5.42815,-0.180323,-0.206071,-2.20349
0.201157,0,0.0820312,-6.11107,-0.185903,-0.211287,-4.34125
0.202155,0,0.324219,-5.9983,-0.191615,-0.216476,-16.8416
0.203156,0,0.234375,-6.46561,-0.197328,-0.221602,-13.1232
0.204167,0,-0.0546875,-5.09978,-0.202288,-0.226703,2.41522
0.205177,0,0.101562,-5.00595,-0.207823,-0.231712,-4.40289
0.206226,0,0.257812,-4.56842,-0.213137,-0.236831,-10.1997
0.20724,0,0.378906,-4.26981,-0.218982,-0.241688,-14.0107
0.208215,0,0.453125,-5.27389,-0.224119,-0.246274,-20.6951
0.209224,0,0.34375,-4.82733,-0.228991,-0.250937,-14.3704
0.210227,0,0.472656,-4.16877,-0.23395,-0.255477,-17.0636
0.211293,0,0.378906,-5.153,-0.239796,-0.260204,-16.9087
0.212321,0,0.761719,-5.17195,-0.244756,-0.264665,-34.1167
0.213284,0,1.11719,-4.29236,-0.250955,-0.268752,-41.528
0.215345,0,4.01953,-4.27522,-0.262469,-0.277201,-148.817
0.217274,0,1.07422,-4.44392,-0.265613,-0.284731,-41.3406
0.218244,0,-0.507812,-3.19717,-0.26889,-0.288376,14.0601
0.219213,0,-0.847656,-4.13178,-0.272566,-0.291919,30.3302
0.220194,0,-0.917969,-3.2107,-0.275887,-0.295408,25.5238
0.221236,0,-0.875,-3.4642,-0.279695,-0.299004,26.25
0.222228,0,-0.679688,-3.83227,-0.283371,-0.30232,22.5571
0.223187,0,-0.753906,-3.47052,-0.286914,-0.305422,22.6584
0.224183,0,-0.34375,-4.35281,-0.291165,-0.308542,12.9578
0.225183,0,-0.09375,-4.21298,-0.294619,-0.311565,3.42041
0.226171,0,0.015625,-2.9987,-0.297984,-0.314443,-0.405762
0.227177,0,0.230469,-3.21612,-0.301837,-0.31726,-6.41891
0.228166,0,0.386719,-4.29507,-0.305601,-0.319917,-14.3841
0.229161,0,0.910156,-3.02396,-0.309808,-0.32248,-23.8347
0.230328,0,1.1875,-3.59682,-0.312952,-0.325341,-36.9888
0.231583,0,1.48438,-3.2107,-0.317159,-0.328241,-41.2726
0.23222,0,1.11719,-3.26934,-0.319683,-0.329645,-31.6304
0.233197,0,1.28516,-2.56658,-0.321809,-0.331703,-28.5646
0.234201,0,1.37891,-2.77497,-0.324555,-0.333702,-33.1368
0.235196,0,1.22656,-3.0402,-0.327212,-0.335563,-32.2931
0.236192,0,1.17969,-2.13536,-0.329382,-0.33731,-21.815
0.237229,0,1.39062,-2.2373,-0.332083,-0.339,-26.9434
0.238194,0,1.11328,-2.10919,-0.333766,-0.340457,-20.3348
0.239176,0,0.910156,-1.42447,-0.335448,-0.341826,-11.2276
0.240167,0,0.9375,-1.77811,-0.337308,-0.343087,-14.436
0.241168,0,0.90625,-1.96846,-0.339035,-0.344239,-15.4487
0.242189,0,0.8125,-1.81329,-0.340541,-0.345289,-12.7588
0.24318,0,0.652344,-1.29998,-0.341781,-0.346185,-7.34396
0.244159,0,0.769531,-1.2233,-0.343021,-0.346952,-8.15222
0.245165,0,0.679688,-1.23142,-0.344217,-0.347617,-7.24823
0.246267,0,0.671875,-1.09249,-0.345368,-0.348202,-6.35657
0.247363,0,0.722656,-0.89943,-0.346519,-0.348635,-5.62881
0.248218,0,0.617188,-0.904843,-0.347051,-0.348869,-4.83624
0.249176,0,0.675781,-0.561129,-0.347671,-0.349024,-3.28387
0.250166,0,0.691406,-0.771327,-0.348335,-0.349064,-4.61838
0.251157,0,0.753906,-0.427613,-0.348778,-0.348983,-2.79181
0.252167,0,0.710938,-0.335595,-0.349176,-0.348775,-2.06616
0.253165,0,0.792969,-0.258011,-0.349486,-0.348445,-1.77179
0.25417,0,0.878906,0.0099235,-0.349619,-0.347988,0.075531
0.255165,0,0.84375,0.00451068,-0.349663,-0.347413,0.032959
0.256166,0,0.902344,0.0117278,-0.349619,-0.346711,0.0916443
0.257193,0,0.941406,0.230947,-0.349398,-0.345863,1.88281
0.258168,0,0.960938,0.415885,-0.349088,-0.344937,3.46088
0.259161,0,0.984375,0.412276,-0.348689,-0.343874,3.51453
0.260162,0,1.08594,0.598116,-0.348158,-0.342681,5.62482
0.261165,0,1.16016,0.563835,-0.347538,-0.341364,5.66483
0.262154,0,1.37891,0.870561,-0.346785,-0.339945,10.3957
0.263184,0,1.3125,1.06272,-0.345899,-0.338342,12.0791
0.264203,0,1.38672,1.06633,-0.344925,-0.336631,12.8055
0.265223,0,1.53125,1.07354,-0.343862,-0.334793,14.2358
0.26618,0,1.67188,1.02663,-0.342755,-0.332957,14.864
0.267174,0,1.63281,1.49755,-0.341382,-0.330934,21.1755
0.268178,0,1.73438,1.66534,-0.339921,-0.328774,25.0129
0.269265,0,1.51562,1.63648,-0.337973,-0.326303,21.4792
0.270175,0,1.98047,2.1543,-0.3366,-0.324129,36.9481
0.271157,0,1.78125,1.67617,-0.334917,-0.321673,25.856
0.272165,0,1.78516,2.47005,-0.332791,-0.31904,38.1856
0.273155,0,1.85547,2.20933,-0.33071,-0.316343,35.5003
0.274139,0,1.74609,2.09025,-0.328496,-0.313551,31.607
0.275134,0,1.54688,2.9572,-0.325529,-0.310619,39.6145
0.276154,0,1.56641,3.26032,-0.323359,-0.307499,44.2265
0.277151,0,1.65234,2.9978,-0.320702,-0.30434,42.8964
0.278147,0,1.62891,2.26256,-0.318178,-0.301077,31.9164
0.279185,0,1.39062,3.61757,-0.314724,-0.297565,43.5657
0.280216,0,1.50781,2.9148,-0.311712,-0.293961,38.0605
0.281207,0,1.28906,3.35865,-0.308524,-0.290393,37.4936
0.282179,0,1.26562,3.62929,-0.305114,-0.286799,39.7782
0.28316,0,1.63672,3.77724,-0.302014,-0.28307,53.5386
0.284161,0,1.38672,3.30723,-0.298737,-0.279164,39.7165
0.285156,0,1.38672,3.81694,-0.295195,-0.275185,45.8376
0.286165,0,1.28906,4.1399,-0.291386,-0.271053,46.2149
0.287166,0,1.33203,4.40423,-0.287533,-0.266853,50.8045
0.288168,0,1.50781,3.64734,-0.283991,-0.262558,47.6257
0.289162,0,1.42969,3.78085,-0.279917,-0.2582,46.8111
0.290151,0,1.51562,4.3907,-0.275931,-0.253779,57.6293
0.291151,0,1.53906,4.01631,-0.27199,-0.249216,53.5305
0.292124,0,1.45703,4.61894,-0.267783,-0.244692,58.2812
0.293177,0,0.96875,4.55128,-0.262956,-0.239702,38.1824
0.294182,0,1.39453,4.92206,-0.258351,-0.234852,59.4419
0.295317,0,0.964844,5.02761,-0.253302,-0.229272,42.0084
0.296176,0,1.75391,5.5328,-0.249095,-0.22498,84.0368
0.29718,0,0.953125,4.82372,-0.244446,-0.219889,39.8153
0.298217,0,1.21875,5.50935,-0.239884,-0.21455,58.1477
0.299138,0,1.51562,5.4895,-0.235412,-0.209736,72.0514
0.300194,0,1.15234,4.3501,-0.230496,-0.20414,43.4109
0.301153,0,1.19141,6.1652,-0.224784,-0.19899,63.6099
0.302174,0,0.953125,5.56438,-0.219647,-0.193434,45.9287
0.303167,0,1.15234,6.28067,-0.214643,-0.187963,62.6767
0.304249,0,0.96875,4.58285,-0.209373,-0.181923,38.4473
0.305147,0,1.28125,5.12864,-0.20428,-0.176858,56.9055
0.306179,0,1.03125,4.63067,-0.198878,-0.170967,41.3547
0.30711,0,1.46875,6.28067,-0.193874,-0.165603,79.8862
0.30821,0,0.394531,6.39073,-0.186478,-0.159197,21.8348
0.309295,0,0.78125,4.92476,-0.181341,-0.152808,33.3191
0.310136,0,1.22266,5.06369,-0.176647,-0.147818,53.6154
0.311243,0,0.777344,5.76826,-0.170536,-0.141184,38.8307
0.312366,0,0.589844,4.9834,-0.163539,-0.134397,25.4554
0.313206,0,1.10938,7.04568,-0.157915,-0.12928,67.6892
0.314295,0,0.617188,6.40968,-0.152026,-0.122596,34.2587
0.315293,0,0.539062,5.23329,-0.14587,-0.116425,24.4305
0.316257,0,1.06641,6.40787,-0.140423,-0.110429,59.1772
0.317238,0,0.929688,6.22654,-0.134888,-0.104287,50.1305
0.318231,0,0.949219,6.53147,-0.128555,-0.0980316,53.6902
0.319217,0,0.992188,6.46651,-0.122887,-0.0917866,55.5625
0.32021,0,0.886719,6.89322,-0.116422,-0.0854718,52.933
0.321222,0,0.636719,6.64062,-0.109425,-0.0789964,36.6163
0.322232,0,0.863281,5.54453,-0.104155,-0.0725111,41.451
0.323149,0,1.01562,7.50938,-0.0975568,-0.0666021,66.0474
0.324171,0,0.871094,6.96359,-0.0917556,-0.0599868,52.531
0.325164,0,0.808594,7.43902,-0.0851131,-0.053539,52.0911
0.326176,0,0.636719,6.60454,-0.078692,-0.0469496,36.4173
0.327137,0,0.890625,7.76559,-0.072448,-0.0406759,59.8945
0.328144,0,0.550781,6.6316,-0.0659826,-0.0340874,31.6312
0.329131,0,0.855469,6.19046,-0.0591629,-0.0276189,45.8611
0.330223,0,0.53125,6.10295,-0.0522989,-0.0204509,28.0774
0.331213,0,0.414062,6.72903,-0.045745,-0.0139466,24.1288
0.33222,0,-0.988281,7.1368,-0.0342312,-0.00732557,-61.0804
0.33424,0,-1.66406,7.60501,-0.0255959,0.00596488,-109.594
0.335254,0,0.585938,7.46879,-0.0190862,0.0126377,37.8983
0.336166,0,1.04297,7.40564,-0.0132851,0.0186275,66.8885
0.337189,0,0.703125,5.56889,-0.00695253,0.0253484,33.9093
0.338181,0,1.30469,5.50032,-0.00110709,0.0318504,62.1459
0.339219,0,1.28516,6.06777,0.0056683,0.038644,67.5309
0.340182,0,1.08203,7.76018,0.0124437,0.0449355,72.7159
0.341154,0,1.32031,6.20219,0.0185106,0.0512695,70.9152
0.342205,0,0.835938,7.38489,0.0259945,0.058102,53.4608
0.343185,0,0.679688,5.71774,0.0321056,0.0644505,33.6552
0.344191,0,0.492188,8.0218,0.0396781,0.0709409,34.1917
0.345154,0,0.234375,5.97214,0.0458778,0.0771323,12.1216
0.346197,0,-0.0195312,7.9803,0.0528746,0.0838145,-1.34979
0.347229,0,-0.296875,6.85082,0.0595615,0.0903901,-17.613
0.348293,0,-0.367188,6.82827,0.0670897,0.0971344,-21.7128
0.349179,0,-0.117188,5.46604,0.0726251,0.102718,-5.54718
0.350169,0,-0.015625,6.30323,0.0789577,0.108925,-0.852905
0.351149,0,-0.289062,5.67173,0.0855117,0.115034,-14.1979
0.352218,0,-0.480469,5.64557,0.0922428,0.121649,-23.4904
0.353212,0,-0.214844,6.01184,0.0988853,0.127756,-11.1853
0.35419,0,-0.230469,6.91397,0.105262,0.133721,-13.7993
0.355179,0,-0.21875,5.96041,0.11124,0.139714,-11.2913
0.356194,0,-0.226562,5.22156,0.117396,0.145803,-10.2449
0.357187,0,-0.28125,6.64874,0.123773,0.151715,-16.1938
0.358193,0,-0.25,7.40383,0.13015,0.157649,-16.0293
0.359191,0,0.121094,5.56077,0.135596,0.163482,5.83142
0.360188,0,-0.128906,7.04839,0.141796,0.169247,-7.86832
0.361186,0,-0.0664062,6.36908,0.147686,0.17496,-3.66272
0.362191,0,-0.121094,6.5026,0.153797,0.18065,-6.81909
0.363172,0,-0.144531,6.84721,0.15982,0.186142,-8.57025
0.364178,0,-0.214844,6.21482,0.165045,0.191708,-11.563
0.365214,0,-0.03125,5.45702,0.171023,0.197369,-1.47681
0.366205,0,-0.144531,6.75339,0.177356,0.202708,-8.45282
0.36719,0,0,5.27389,0.182006,0.207953,0
0.368219,0,0.00390625,5.20893,0.188205,0.21335,0.176208
0.369182,0,-0.0234375,6.24369,0.193697,0.21833,-1.26727
0.370165,0,-0.214844,4.74885,0.199143,0.223341,-8.83545
0.37115,0,-0.0078125,4.67126,0.203616,0.228281,-0.31604
0.372169,0,-0.1875,5.63384,0.209594,0.23331,-9.14795
0.373202,0,-0.335938,4.62074,0.215041,0.238321,-13.4427
0.374297,0,-0.121094,4.73531,0.2204,0.243533,-4.96579
0.375239,0,-0.328125,5.29374,0.225536,0.247935,-15.0425
0.376324,0,-0.472656,4.3483,0.230762,0.252908,-17.7985
0.377304,0,-0.292969,5.73939,0.235899,0.257311,-14.5615
0.378268,0,-0.382812,4.28064,0.240371,0.261555,-14.191
0.37921,0,-0.445312,3.91798,0.244756,0.265616,-15.1093
0.380294,0,-0.625,3.77454,0.250025,0.27019,-20.4297
0.381324,0,-0.652344,5.38846,0.255384,0.274428,-30.441
0.382282,0,-0.542969,5.20262,0.259502,0.278279,-24.4633
0.383241,0,-0.605469,4.85891,0.263886,0.282042,-25.477
0.38425,0,-0.558594,4.61172,0.267827,0.285903,-22.3088
0.385184,0,-0.53125,3.57156,0.27168,0.289384,-16.4314
0.386357,0,-0.722656,3.90445,0.276418,0.293629,-24.4348
0.387308,0,-0.667969,4.23102,0.28067,0.296964,-24.4748
0.388252,0,-0.65625,3.25852,0.283858,0.300183,-18.5186
0.389246,0,-0.550781,4.46197,0.287799,0.303469,-21.2825
0.39024,0,-0.550781,4.07044,0.291475,0.306647,-19.415
0.391246,0,-0.695312,3.93963,0.29515,0.309754,-23.7221
0.392236,0,-0.503906,2.86428,0.29825,0.312703,-12.4992
0.39321,0,-0.632812,3.39654,0.301616,0.315497,-18.6136
0.394253,0,-0.574219,3.70958,0.305247,0.318373,-18.4468
0.395231,0,-0.550781,3.55081,0.30817,0.320956,-16.9365
0.396258,0,-0.476562,3.24859,0.311181,0.323555,-13.407
0.397463,0,-0.675781,3.69605,0.314901,0.326445,-21.6303
0.398287,0,-0.421875,2.69649,0.317204,0.328327,-9.85144
0.399263,0,-0.683594,3.21251,0.319949,0.330451,-19.0178
0.400202,0,-0.585938,2.6189,0.322208,0.332389,-13.2889
0.401198,0,-0.6875,2.25173,0.324599,0.334332,-13.4062
0.402207,0,-0.679688,2.2797,0.327123,0.336181,-13.4185
0.403397,0,-1.03516,2.62431,0.330179,0.338204,-23.5255
0.404214,0,-0.847656,1.79525,0.331906,0.339493,-13.1784
0.405187,0,-0.871094,2.34375,0.333854,0.340926,-17.6805
0.406183,0,-0.832031,1.93689,0.335581,0.342272,-13.956
0.407215,0,-0.804688,2.09656,0.337485,0.343541,-14.6101
0.408242,0,-0.910156,1.58956,0.33939,0.344673,-12.5289
0.409257,0,-0.863281,1.59678,0.340895,0.345667,-11.9376
0.410244,0,-0.894531,1.4777,0.342357,0.346511,-11.4472
0.411216,0,-0.828125,1.34869,0.343508,0.347225,-9.67224
0.412198,0,-0.96875,1.34689,0.344792,0.347828,-11.2996
0.414242,0,-1.4375,0.946341,0.347449,0.348701,-11.7808
0.416283,0,-1.14844,0.83177,0.348556,0.349057,-8.27234
0.417258,0,-1.13281,0.40957,0.349088,0.349044,-4.01794
0.418297,0,-1.05078,0.452872,0.349619,0.348901,-4.12103
0.419215,0,-1.09375,0.226436,0.349885,0.348663,-2.14478
0.42028,0,-0.984375,0.165091,0.350106,0.348257,-1.40735
0.421204,0,-0.996094,0.0216513,0.350151,0.34779,-0.186768
0.422241,0,-0.914062,-0.213806,0.350018,0.347141,1.69244
0.42322,0,-0.957031,-0.268837,0.349841,0.346406,2.22809
0.424168,0,-0.90625,-0.352735,0.349531,0.345583,2.76831
0.42519,0,-0.859375,-0.298607,0.349132,0.34457,2.22229
0.426166,0,-0.933594,-0.621572,0.348556,0.343485,5.02536
0.427177,0,-0.921875,-0.759599,0.347892,0.342238,6.06421
0.428153,0,-1.01953,-0.739752,0.347184,0.340916,6.53137
0.429195,0,-1.11719,-1.0149,0.346254,0.339378,9.81903
0.430226,0,-1.17188,-0.91206,0.345279,0.337726,9.25598
0.431228,0,-1.38281,-0.974307,0.344349,0.335999,11.6675
0.432209,0,-1.42188,-1.47229,0.343154,0.334193,18.1289
0.433181,0,-1.52734,-1.30449,0.341958,0.332289,17.2542
0.43417,0,-1.54688,-1.14752,0.340718,0.330239,15.3721
0.435179,0,-1.63281,-1.69331,0.339168,0.32803,23.9437
0.43614,0,-1.53906,-1.36042,0.33753,0.325812,18.1321
0.437214,0,-1.64844,-1.87735,0.335714,0.32321,26.8
0.438205,0,-1.71094,-2.36179,0.333721,0.32069,34.994
0.439228,0,-1.73828,-1.82141,0.331861,0.317973,27.4187
0.440179,0,-1.80859,-2.06589,0.329647,0.31534,32.3569
0.441168,0,-1.54297,-2.78038,0.327079,0.312496,37.1518
0.44218,0,-1.71094,-2.26256,0.324909,0.309473,33.5237
0.443134,0,-2,-2.34646,0.32265,0.306518,40.6406
0.444233,0,-1.57422,-2.40329,0.319506,0.302994,32.7634
0.445177,0,-2.04297,-2.92382,0.317248,0.299862,51.7286
0.446182,0,-1.80469,-3.11778,0.314281,0.296424,48.7266
0.447173,0,-2.01953,-2.71904,0.311535,0.292927,47.5536
0.448195,0,-1.94922,-2.94908,0.308303,0.289216,49.7812
0.449193,0,-1.73047,-3.85122,0.304937,0.285488,57.7138
0.450205,0,-1.66016,-3.67169,0.301527,0.281606,52.7878
0.451141,0,-1.63672,-4.35822,0.298117,0.277923,61.7733
0.45215,0,-1.49219,-3.94775,0.294486,0.273856,51.0142
0.453151,0,-1.41406,-3.27927,0.290545,0.269722,40.1572
0.454142,0,-1.49609,-3.35144,0.287002,0.265537,43.4218
0.45513,0,-1.40625,-4.60631,0.282884,0.261271,56.0962
0.456184,0,-1.08203,-3.52194,0.27881,0.25662,33.002
0.457167,0,-1.29688,-4.63878,0.274603,0.252191,52.0979
0.458121,0,-1.30469,-3.61125,0.27075,0.247813,40.8021
0.459134,0,-1.03516,-3.87016,0.266189,0.243075,34.6939
0.460202,0,-0.574219,-4.61984,0.26083,0.23798,22.9732
0.461235,0,-1.11328,-4.25899,0.256535,0.232967,41.0609
0.462218,0,-1.04688,-3.78176,0.252018,0.228107,34.2852
0.463242,0,-0.761719,-4.54586,0.246615,0.222967,29.9867
0.464223,0,-1.16797,-4.49535,0.24232,0.217961,45.4687
0.465292,0,-0.910156,-3.96308,0.237626,0.212422,31.2368
0.466225,0,-1.23047,-5.79803,0.232046,0.207521,61.783
0.467228,0,-1.20312,-4.14532,0.228193,0.202177,43.1903
0.468265,0,-1.22266,-4.42408,0.223057,0.196575,46.843
0.469247,0,-1.52344,-4.16697,0.217875,0.191203,54.9747
0.470259,0,-1.43359,-4.36544,0.213226,0.185599,54.1966
0.471202,0,-1.59766,-4.35732,0.208443,0.180317,60.2866
0.472196,0,-1.50781,-5.07903,0.20242,0.174683,66.3202
0.473268,0,-0.824219,-5.024,0.195911,0.16854,35.86
0.474237,0,-1.40234,-5.98116,0.191527,0.162931,72.637
0.475225,0,-1.15234,-6.60815,0.185725,0.157155,65.9447
0.476295,0,-1.02734,-5.35598,0.179349,0.150833,47.6511
0.477243,0,-1.07812,-6.31766,0.174123,0.145186,58.9852
0.478207,0,-1.53906,-5.36861,0.169341,0.139395,71.5544
0.479211,0,-0.976562,-6.15076,0.163008,0.133313,52.0172
0.480266,0,-0.714844,-5.20352,0.156853,0.12687,32.2126
0.48122,0,-0.960938,-7.00148,0.150609,0.121,58.2643
0.482276,0,-0.882812,-6.9681,0.144586,0.114464,53.2722
0.483204,0,-1.3125,-5.69428,0.139493,0.108677,64.7227
0.484674,0,0.222656,-7.06373,0.12953,0.0994433,-13.6203
0.486244,0,0.1875,-5.31448,0.120806,0.0895018,-8.62939
0.487178,0,-1.29297,-5.09797,0.115182,0.0835449,57.0826
0.488195,0,-0.976562,-5.45883,0.108716,0.077037,46.1655
0.489212,0,-1.12891,-5.90989,0.102207,0.0704965,57.7771
0.490307,0,-0.304688,-6.5883,0.0945898,0.0634206,17.3839
0.491288,0,-0.902344,-6.29511,0.0884344,0.0570659,49.1918
0.492254,0,-1.10938,-6.04522,0.0825889,0.050785,58.0775
0.493224,0,-0.738281,-6.12641,0.0759021,0.0444613,39.1693
0.494313,0,-0.308594,-7.84227,0.068551,0.0373467,20.9579
0.495245,0,0.0078125,-7.03666,0.0607128,0.0312435,-0.476074
0.496687,0,0.347656,-6.96359,0.053406,0.0217867,-20.9653
0.49826,0,0.671875,-6.73355,0.0429551,0.0114477,-39.1787
0.499275,0,-0.503906,-7.03486,0.0363126,0.0047684,30.6989
0.500407,0,-0.722656,-5.90178,0.0297143,-0.00267701,36.9345
0.501402,0,-0.789062,-7.34429,0.0224961,-0.00922307,50.1856
0.502218,0,-1.84766,-6.1237,0.018422,-0.0145881,97.9835
0.503223,0,-1.13672,-6.30593,0.0116466,-0.0211954,62.0755
0.504232,0,-0.34375,-7.67808,0.00318842,-0.0278155,22.8567
0.505252,0,-0.617188,-7.75567,-0.00234703,-0.0345016,41.4528
0.506265,0,-0.457031,-7.02584,-0.00898957,-0.041125,27.8075
0.507265,0,-0.558594,-7.27934,-0.0158978,-0.0476508,35.2132
0.508288,0,-0.164062,-7.11786,-0.0233817,-0.0543126,10.1129
0.509253,0,-0.0703125,-8.02991,-0.0298029,-0.0605723,4.88947
0.510251,0,-0.347656,-5.57881,-0.0350726,-0.067031,16.7961
0.511231,0,-0.339844,-7.19273,-0.0419366,-0.073349,21.1685
0.512239,0,0.0585938,-5.69068,-0.0494205,-0.0798161,-2.88757
0.513289,0,-0.0390625,-5.43627,-0.0554431,-0.0865291,1.83899
0.514242,0,-0.476562,-6.39615,-0.0617756,-0.0925886,26.3971
0.515294,0,-0.207031,-5.97485,-0.0690824,-0.0992399,10.7122
0.516269,0,-0.0898438,-7.08357,-0.0750607,-0.105377,5.51135
0.517226,0,-0.179688,-6.00281,-0.0817918,-0.111363,9.34094
0.518261,0,0.234375,-6.76151,-0.0882572,-0.117791,-13.7238
0.519297,0,0.191406,-6.99516,-0.0948998,-0.124188,-11.595
0.520238,0,0.136719,-6.66769,-0.100745,-0.129952,-7.89444
0.521289,0,0.386719,-6.4169,-0.107786,-0.136346,-21.4901
0.52223,0,0.171875,-6.44486,-0.113012,-0.142023,-9.59277
0.523186,0,-0.152344,-5.95681,-0.11899,-0.147746,7.8588
0.524211,0,-0.046875,-5.85938,-0.12519,-0.153832,2.37854
0.525193,0,0.164062,-6.31856,-0.131345,-0.159601,-8.97729
0.526194,0,0.183594,-6.73445,-0.137722,-0.165434,-10.7072
0.52722,0,0.214844,-5.63023,-0.145029,-0.171343,-10.4753
0.528228,0,0.246094,-6.40066,-0.15052,-0.177091,-13.6409
0.529195,0,0.386719,-5.02039,-0.156498,-0.182546,-16.8132
0.530242,0,1.53125,-5.05738,-0.165444,-0.188379,-67.064
0.532331,0,2.62891,-5.84314,-0.174522,-0.199804,-133.027
0.533248,0,0.00390625,-5.96132,-0.178994,-0.204723,-0.20166
0.534249,0,-0.15625,-4.44573,-0.183821,-0.210022,6.01562
0.535266,0,-0.3125,-5.77277,-0.189268,-0.215328,15.6226
0.536262,0,-0.441406,-6.17422,-0.194715,-0.220445,23.6014
0.537213,0,-0.535156,-5.72045,-0.199498,-0.225262,26.5111
0.538164,0,-0.527344,-5.0249,-0.204989,-0.230006,22.9477
0.539194,0,-0.125,-4.67216,-0.20986,-0.235057,5.05762
0.540308,0,0.175781,-4.57654,-0.21668,-0.240423,-6.96671
0.541226,0,0.0390625,-6.28067,-0.221684,-0.244767,-2.12463
0.542213,0,0.109375,-5.99199,-0.226422,-0.249355,-5.67554
0.543163,0,0.0429688,-4.48903,-0.230496,-0.253691,-1.67041
0.544248,0,0.300781,-4.28876,-0.236209,-0.258542,-11.1712
0.545237,0,0.273438,-5.86479,-0.241479,-0.262867,-13.8876
0.546186,0,0.328125,-5.153,-0.245951,-0.266934,-14.6426
0.547208,0,0.796875,-4.19042,-0.251487,-0.271216,-28.9178
0.548197,0,0.792969,-5.5761,-0.256004,-0.275266,-38.2917
0.549214,0,0.78125,-4.21839,-0.260255,-0.279328,-28.54
0.550182,0,0.925781,-5.36771,-0.264949,-0.283104,-43.0344
0.551213,0,1.02344,-4.66495,-0.269333,-0.287017,-41.3453
0.552219,0,1.16406,-4.49895,-0.274116,-0.290734,-45.353
0.553157,0,1.00391,-4.40784,-0.27788,-0.294103,-38.321
0.554151,0,0.851562,-4.2671,-0.281511,-0.297575,-31.4679
0.555149,0,1.04297,-4.1372,-0.285496,-0.300952,-37.3676
0.556192,0,0.917969,-4.37175,-0.289393,-0.30437,-34.7537
0.557221,0,0.929688,-4.24996,-0.293423,-0.307628,-34.2169
0.558179,0,0.679688,-3.32618,-0.296302,-0.310558,-19.5782
0.559154,0,0.46875,-3.01855,-0.299313,-0.313434,-12.2534
0.560166,0,0.542969,-3.00231,-0.302678,-0.316309,-14.1172
0.561191,0,0.402344,-2.94187,-0.305823,-0.3191,-10.2503
0.562207,0,0.597656,-3.44165,-0.309232,-0.321751,-17.813
0.563162,0,0.433594,-3.26664,-0.311934,-0.324136,-12.266
0.564186,0,0.53125,-3.38391,-0.314901,-0.326576,-15.5681
0.565215,0,0.484375,-2.77317,-0.317646,-0.328905,-11.6326
0.566154,0,0.464844,-3.13041,-0.320215,-0.330923,-12.6016
0.567161,0,0.757812,-2.56748,-0.322783,-0.332972,-16.8495
0.568166,0,0.464844,-2.30676,-0.32513,-0.334897,-9.28598
0.56918,0,0.675781,-2.71182,-0.327787,-0.336717,-15.8703
0.570148,0,0.757812,-1.8999,-0.329824,-0.33834,-12.4684
0.571161,0,0.691406,-2.30676,-0.332039,-0.339918,-13.8119
0.572253,0,0.867188,-2.4484,-0.334607,-0.34148,-18.3871
0.573219,0,0.855469,-2.19309,-0.336334,-0.342741,-16.2472
0.574157,0,0.722656,-1.62294,-0.337795,-0.343857,-10.1567
0.575131,0,0.816406,-1.38929,-0.339345,-0.344902,-9.82239
0.576136,0,0.796875,-1.7312,-0.341117,-0.345858,-11.9469
0.577207,0,0.851562,-1.47048,-0.342534,-0.346741,-10.8441
0.578124,0,0.796875,-1.50657,-0.343774,-0.347384,-10.3967
0.57913,0,0.847656,-0.945439,-0.344837,-0.347971,-6.94019
0.580168,0,0.847656,-0.884996,-0.345988,-0.348445,-6.49649
0.581186,0,0.882812,-0.876876,-0.346962,-0.34878,-6.70386
0.582158,0,0.972656,-0.648636,-0.348246,-0.34898,-5.46359
0.58417,0,0.882812,-0.621572,-0.348955,-0.349022,-4.75201
0.585148,0,0.902344,-0.2535,-0.349309,-0.348862,-1.98093
0.586158,0,0.832031,-0.227338,-0.349619,-0.348571,-1.63806
0.587159,0,0.824219,-0.129908,-0.349796,-0.348159,-0.927246
0.588188,0,0.851562,-0.0108256,-0.349841,-0.347605,-0.079834
0.589173,0,0.925781,0.171406,-0.349752,-0.346953,1.37421
0.590159,0,0.871094,0.145244,-0.349619,-0.346181,1.09567
0.591144,0,0.933594,0.251696,-0.349309,-0.34529,2.03494
0.592269,0,0.898438,0.491664,-0.348822,-0.344126,3.82538
0.593124,0,1.11328,0.537673,-0.348423,-0.343138,5.18372
0.594137,0,1.19531,0.73073,-0.347804,-0.341852,7.56409
0.595147,0,1.25781,0.735241,-0.347095,-0.340447,8.00873
0.596158,0,1.39062,0.983329,-0.346254,-0.338916,11.842
0.597462,0,1.20703,1.12136,-0.345014,-0.336761,11.7214
0.598215,0,1.58203,1.24856,-0.343818,-0.335423,17.1057
0.599139,0,1.69531,1.41635,-0.343198,-0.333689,20.7941
0.60015,0,1.63672,1.3929,-0.341958,-0.331676,19.7429
0.601135,0,1.84375,1.26389,-0.340674,-0.329598,20.1804
0.60213,0,1.75391,1.7745,-0.33908,-0.327383,26.9526
0.603156,0,1.77734,1.68519,-0.337308,-0.32498,25.9381
0.604137,0,1.59375,2.31218,-0.335227,-0.32257,31.9124
0.60513,0,1.56641,2.43036,-0.333234,-0.320017,32.968
0.606123,0,1.65234,2.07672,-0.331419,-0.317351,29.7164
0.60712,0,1.71875,2.22647,-0.329204,-0.314563,33.1396
0.608159,0,1.53125,2.24632,-0.326547,-0.31154,29.7876
0.60912,0,1.46484,2.1976,-0.324245,-0.308635,27.8778
0.610129,0,1.5625,3.18183,-0.321499,-0.305477,43.0542
0.61112,0,1.51562,2.50884,-0.318975,-0.302272,32.9293
0.612158,0,1.38281,2.71723,-0.315786,-0.298799,32.5393
0.613153,0,1.57422,2.87691,-0.312997,-0.295362,39.2202
0.614189,0,1.17578,3.57066,-0.309498,-0.291671,36.3574
0.615169,0,1.44531,3.46781,-0.306575,-0.288078,43.4045
0.61612,0,1.51562,2.70912,-0.303564,-0.2845,35.558
0.617112,0,1.41797,2.88503,-0.300021,-0.280668,35.4271
0.61812,0,1.37109,4.16065,-0.296346,-0.276673,49.4022
0.619139,0,1.34375,4.06863,-0.292759,-0.272533,47.3462
0.620145,0,1.36328,4.50798,-0.288906,-0.268349,53.2212
0.621233,0,1.11719,3.48134,-0.284655,-0.263716,33.6815
0.62217,0,1.67188,3.66809,-0.281422,-0.259635,53.1082
0.62311,0,1.50781,4.3059,-0.277437,-0.255463,56.2249
0.624196,0,0.921875,4.90762,-0.2723,-0.25054,39.1797
0.625191,0,1.42578,5.02309,-0.268846,-0.245936,62.0215
0.626118,0,1.67969,4.99784,-0.264949,-0.241569,72.699
0.627119,0,1.32812,5.30546,-0.260388,-0.236776,61.0211
0.628149,0,1.05078,5.4886,-0.255339,-0.231751,49.9449
0.629196,0,1.03516,4.0127,-0.251177,-0.226554,35.9717
0.630146,0,1.46094,4.08126,-0.246881,-0.221763,51.635
0.631151,0,1.41797,4.44031,-0.241966,-0.216614,54.5253
0.632121,0,1.25391,5.75292,-0.236917,-0.211573,62.47
0.633162,0,1.19531,5.35237,-0.231958,-0.206088,55.4046
0.634163,0,1.29297,4.76959,-0.227175,-0.200734,53.4057
0.635172,0,1.30078,4.40062,-0.222082,-0.195269,49.572
0.636201,0,0.957031,4.55759,-0.21668,-0.18962,37.7728
0.63713,0,1.40234,4.60811,-0.211853,-0.184456,55.9623
0.638134,0,1.19141,5.02851,-0.206317,-0.178814,51.882
0.639106,0,1.10547,5.9532,-0.200915,-0.173293,56.9921
0.640092,0,1.15234,4.83545,-0.195866,-0.167636,48.2544
0.641114,0,0.847656,4.93108,-0.19011,-0.161703,36.1976
0.642192,0,0.726562,6.0795,-0.183821,-0.155384,38.2524
0.643129,0,1.16016,6.167,-0.178596,-0.149843,61.9596
0.644129,0,0.816406,5.96763,-0.172175,-0.143871,42.1916
0.645278,0,0.597656,6.31946,-0.166196,-0.13695,32.7077
0.646162,0,1.0625,6.21662,-0.160882,-0.131581,57.2007
0.647208,0,0.863281,6.44486,-0.154816,-0.12518,48.1819
0.648162,0,1.14062,5.19721,-0.149369,-0.119304,51.337
0.649143,0,0.851562,6.70468,-0.143125,-0.113214,49.4438
0.650119,0,1.10156,5.22337,-0.137633,-0.107121,49.8285
0.6511,0,0.832031,6.60274,-0.131301,-0.100959,47.5753
0.652089,0,0.917969,7.42729,-0.124835,-0.094717,59.044
0.653171,0,0.496094,5.1945,-0.118636,-0.0878421,22.3165
0.654099,0,0.917969,5.45522,-0.112392,-0.08192,43.3669
0.655141,0,0.789062,6.01725,-0.106369,-0.0752438,41.1176
0.656251,0,0.3125,6.86706,-0.0987082,-0.0680948,18.584
0.657121,0,0.898438,6.674,-0.092907,-0.0624669,51.9269
0.658089,0,0.59375,7.41736,-0.0868402,-0.0561964,38.1392
0.659089,0,0.585938,7.00689,-0.0809947,-0.0496895,35.5545
0.660088,0,0.628906,7.60591,-0.0743522,-0.043177,41.4243
0.661197,0,0.53125,5.51205,-0.0678868,-0.0359252,25.3589
0.66216,0,0.765625,7.18191,-0.0612,-0.0296191,47.6183
0.663133,0,0.769531,5.39387,-0.055266,-0.0232348,35.9455
0.664146,0,0.605469,5.76375,-0.0484906,-0.0165806,30.2214
0.665131,0,0.605469,6.05875,-0.0416709,-0.010105,31.7682
0.666138,0,0.289062,6.80842,-0.0351169,-0.00347651,17.0434
0.667144,0,0.738281,6.31676,-0.0288286,0.00314147,40.3863
0.668134,0,0.3125,7.75115,-0.021389,0.00965131,20.9766
0.669136,0,0.28125,5.71323,-0.0154107,0.01624,13.9153
0.670129,0,0.457031,6.24278,-0.00850245,0.0227623,24.7083
0.671095,0,0.472656,7.15484,-0.00252417,0.0291043,29.2862
0.672107,0,0.570312,6.17693,0.00433979,0.0357343,30.5073
0.673141,0,0.621094,6.13723,0.0114695,0.0424926,33.0102
0.674082,0,0.453125,5.89726,0.0170049,0.0486329,23.1412
0.675244,0,-0.0390625,7.27573,0.024976,0.056192,-2.46124
0.676152,0,0.378906,5.76826,0.0310428,0.062077,18.9276
0.677324,0,-0.25,6.22294,0.039811,0.0696487,-13.4727
0.678294,0,-0.09375,7.77461,0.0464092,0.0758949,-6.31201
0.679318,0,-0.222656,6.84361,0.0529632,0.0824573,-13.1959
0.680258,0,-0.015625,6.13092,0.0591629,0.0884549,-0.82959
0.681262,0,-0.558594,7.00689,0.0669568,0.0948237,-33.8953
0.68229,0,-0.488281,5.2775,0.0728023,0.10132,-22.316
0.683244,0,0.160156,5.46063,0.078072,0.107311,7.57364
0.684203,0,-0.0273438,6.87247,0.0837846,0.113294,-1.62738
0.68523,0,-2.07812,5.78089,0.0964497,0.119662,-104.036
0.687217,0,-2.125,6.10025,0.102428,0.131859,-112.26
0.688215,0,0.398438,6.02447,0.108273,0.137918,20.7872
0.689215,0,0.855469,5.48318,0.113897,0.143936,40.6214
0.690202,0,0.792969,6.08401,0.119743,0.149828,41.7795
0.691226,0,1.12109,5.76555,0.125455,0.155881,55.9759
0.692185,0,0.824219,4.99784,0.131434,0.161501,35.6732
0.693204,0,0.722656,5.14127,0.137501,0.167419,32.1751
0.694246,0,0.300781,5.83051,0.144586,0.1734,15.1871
0.695249,0,0.625,5.74841,0.150166,0.179096,31.1133
0.696196,0,0.183594,5.94508,0.156543,0.184416,9.45221
0.697249,0,-0.539062,5.29464,0.164336,0.190264,-24.7169
0.698273,0,-0.851562,7.19273,0.171333,0.195876,-53.043
0.700383,0,-2.66016,6.48907,0.181696,0.207209,-149.488
0.701215,0,-0.0429688,4.63788,0.185637,0.211591,-1.7258
0.70221,0,-0.15625,5.94237,0.191305,0.216759,-8.04077
0.703228,0,-0.101562,6.36187,0.196885,0.22197,-5.59546
0.70422,0,-0.0625,4.73351,0.2018,0.226967,-2.56201
0.705298,0,-0.132812,5.93696,0.207779,0.232306,-6.82843
0.706202,0,0.046875,4.54226,0.212119,0.236716,1.84387
0.707178,0,-0.0742188,4.37717,0.217831,0.241391,-2.81335
0.708205,0,-0.238281,5.5319,0.223234,0.246231,-11.4152
0.709221,0,-0.183594,4.31672,0.227972,0.250922,-6.86325
0.710184,0,-0.0585938,4.812,0.232799,0.255286,-2.44171
0.711209,0,-0.394531,5.69068,0.238423,0.259838,-19.443
0.712161,0,-0.417969,5.36049,0.24294,0.26398,-19.4029
0.713213,0,-0.867188,5.64467,0.248962,0.268454,-42.3906
0.714251,0,-0.632812,5.58603,0.253302,0.272767,-30.6123
0.71527,0,-0.773438,4.49174,0.258085,0.2769,-30.0855
0.716241,0,-0.609375,4.12366,0.262159,0.280746,-21.7614
0.717242,0,-0.789062,4.42768,0.266499,0.284608,-30.2556
0.718244,0,-0.816406,4.49083,0.270927,0.288374,-31.7505
0.719214,0,-0.996094,3.40286,0.275533,0.291923,-29.3536
0.720218,0,-0.816406,4.29688,0.278898,0.295493,-30.3792
0.721202,0,-0.652344,3.17101,0.282441,0.298889,-17.914
0.722226,0,-0.535156,3.21882,0.286249,0.302312,-14.9175
0.723196,0,-0.558594,3.23145,0.290058,0.305453,-15.6319
0.724219,0,-0.527344,4.13539,0.293733,0.308654,-18.8855
0.725204,0,-0.460938,3.73755,0.296877,0.311628,-14.9193
0.726169,0,-0.414062,2.75422,0.299977,0.314436,-9.87604
0.727182,0,-0.492188,2.81196,0.303387,0.317272,-11.9855
0.728173,0,-0.375,3.85483,0.306753,0.319936,-12.5186
0.729172,0,-0.578125,3.24318,0.309808,0.322507,-16.2372
0.730488,0,-0.976562,3.32437,0.314104,0.32572,-28.1143
0.731205,0,-0.265625,2.75422,0.315919,0.327387,-6.33557
0.732279,0,-0.847656,2.92833,0.319241,0.329773,-21.496
0.733191,0,-0.601562,2.94547,0.321189,0.331691,-15.3445
0.734187,0,-0.761719,2.01898,0.323757,0.333674,-13.3182
0.735277,0,-0.851562,2.23008,0.326592,0.335709,-16.4458
0.736243,0,-0.753906,2.60537,0.328717,0.337395,-17.01
0.737232,0,-0.933594,1.90351,0.331374,0.339006,-15.3897
0.738181,0,-0.703125,1.83404,0.33288,0.340439,-11.1676
0.739171,0,-0.785156,2.38344,0.334961,0.341819,-16.2061
0.74025,0,-0.945312,1.48401,0.337087,0.343187,-12.1487
0.741167,0,-0.671875,1.65632,0.338371,0.344239,-9.63721
0.7422,0,-0.792969,1.33516,0.340098,0.345299,-9.1687
0.743258,0,-0.847656,1.31171,0.341648,0.346251,-9.62885
0.744256,0,-0.9375,1.60761,0.343198,0.347022,-13.0518
0.745229,0,-1.00391,1.50115,0.344394,0.347655,-13.0508
0.746278,0,-1.00391,1.03836,0.345545,0.348207,-9.02731
0.747232,0,-1.15234,0.966188,0.346564,0.348591,-9.64188
0.748235,0,-1.15625,0.691036,0.347538,0.348873,-6.91943
0.749225,0,-1.26172,0.970699,0.348468,0.349029,-10.6063
0.75022,0,-1.28125,0.514218,0.349088,0.349063,-5.70557
0.751241,0,-1.17969,0.414983,0.349796,0.34897,-4.2395
0.752227,0,-1.16016,0.22824,0.350018,0.348758,-2.29312
0.753382,0,-1.04688,0.184036,0.350283,0.348357,-1.66846
0.754246,0,-1.04688,0.140733,0.350328,0.347948,-1.27588
0.755185,0,-1.01953,-0.115473,0.350239,0.3474,1.01953
0.75618,0,-0.960938,-0.35454,0.350018,0.3467,2.95038
0.757199,0,-0.890625,-0.395136,0.349708,0.345857,3.04761
0.758219,0,-0.78125,-0.554814,0.349265,0.344885,3.75366
0.759225,0,-0.863281,-0.493469,0.348733,0.343802,3.68918
0.760243,0,-0.84375,-0.573759,0.348069,0.34258,4.19238
0.761172,0,-0.980469,-0.833574,0.347405,0.341354,7.07776
0.762187,0,-1.14453,-0.665777,0.346696,0.339896,6.59894
0.763275,0,-1.11328,-0.752382,0.345678,0.338194,7.25372
0.765476,0,-0.542969,-1.28915,0.343331,0.334319,6.06174
0.766181,0,-1.91016,-1.40914,0.342489,0.332955,23.3099
0.767196,0,-1.71875,-1.41816,0.34125,0.33089,21.1084
0.76818,0,-1.76953,-1.29005,0.339921,0.32877,19.769
0.769145,0,-1.77344,-1.33246,0.338504,0.326581,20.4638
0.770207,0,-1.67578,-2.20302,0.336334,0.32405,31.9708
0.771198,0,-1.85547,-1.74924,0.334828,0.32157,28.1075
0.772163,0,-1.79297,-2.06589,0.332836,0.319046,32.0773
0.773152,0,-1.875,-2.55034,0.330799,0.31635,41.4111
0.774167,0,-1.84766,-2.56928,0.328274,0.313468,41.1104
0.775155,0,-1.80078,-2.54763,0.326105,0.310555,39.7297
0.776218,0,-1.80078,-2.35458,0.323492,0.307299,36.7191
0.777202,0,-1.82812,-2.78489,0.320879,0.304175,44.0892
0.778189,0,-1.98438,-2.46554,0.318311,0.300938,42.3695
0.77919,0,-1.95703,-2.71543,0.315432,0.297546,46.0208
0.780184,0,-1.76562,-2.82098,0.312377,0.294077,43.1337
0.781157,0,-1.73047,-3.35234,0.309232,0.290578,50.2377
0.782164,0,-1.67969,-2.65318,0.306265,0.286854,38.5934
0.783151,0,-1.69141,-3.77724,0.302723,0.283105,55.3275
0.784188,0,-1.35547,-3.87016,0.298782,0.279057,45.4294
0.785148,0,-1.51562,-3.20439,0.29577,0.27522,42.0586
0.786146,0,-1.46875,-3.4624,0.291918,0.27113,44.0396
0.787132,0,-1.42188,-4.52692,0.288065,0.266998,55.7419
0.788122,0,-1.17578,-4.80748,0.283947,0.262754,48.9511
0.789107,0,-1.36328,-3.8855,0.280227,0.258444,45.8723
0.790161,0,-1.07031,-3.9288,0.275975,0.25373,36.4157
0.791146,0,-1.36719,-4.47009,0.271813,0.249237,52.9251
0.792108,0,-1.31641,-3.52825,0.267872,0.244765,40.2224
0.793093,0,-1.24609,-4.67216,0.263355,0.240101,50.4181
0.794096,0,-1.12891,-5.21615,0.258705,0.235269,50.9948
0.795103,0,-1.19531,-3.86205,0.254586,0.230334,39.9776
0.79615,0,-0.816406,-5.51025,0.24883,0.22511,38.9579
0.797155,0,-0.96875,-5.1936,0.244534,0.220016,43.571
0.798181,0,-1.13281,-4.4773,0.239619,0.214734,43.923
0.799146,0,-1.24219,-4.42768,0.23519,0.209696,47.6301
0.800144,0,-1.15234,-5.88012,0.230098,0.20441,58.6795
0.801152,0,-1.57812,-5.45251,0.225138,0.198995,74.5171
0.802126,0,-1.26953,-6.06236,0.220311,0.193699,66.6504
0.803111,0,-1.33594,-5.57159,0.215174,0.188275,64.459
0.804122,0,-1.26953,-4.37536,0.209771,0.182637,48.1033
0.805095,0,-1.39453,-5.72225,0.2049,0.177151,69.1056
0.806094,0,-1.20703,-6.20219,0.199321,0.171457,64.8308
0.807112,0,-1.00781,-5.86118,0.193874,0.165588,51.1544
0.808116,0,-1.05469,-6.57657,0.188073,0.159746,60.0677
0.809144,0,-0.992188,-4.9428,0.182404,0.1537,42.4703
0.81019,0,-0.9375,-5.0267,0.176514,0.147494,40.8105
0.811085,0,-1.66016,-5.29103,0.171776,0.142133,76.0689
0.812093,0,-0.867188,-6.44035,0.165222,0.136053,48.366
0.813154,0,-0.804688,-5.55265,0.159111,0.129597,38.6942
0.814163,0,-0.9375,-6.41058,0.153177,0.123407,52.0459
0.815151,0,-1.12109,-5.70691,0.146977,0.117304,55.4066
0.816126,0,-1.00391,-6.44486,0.141442,0.111244,56.0305
0.817107,0,-0.878906,-5.96583,0.135552,0.105108,45.4079
0.81813,0,-0.898438,-5.3199,0.129441,0.0986717,41.3913
0.819084,0,-0.683594,-6.9275,0.122976,0.0926307,41.0103
0.820145,0,-0.585938,-5.88012,0.11651,0.0858824,29.837
0.821139,0,-0.722656,-6.79579,0.110222,0.0795325,42.5294
0.8221,0,-0.773438,-7.49134,0.104199,0.0733606,50.1768
0.823095,0,-0.691406,-6.85894,0.0978668,0.0669499,41.0685
0.824134,0,-0.230469,-6.74166,0.0906486,0.0602248,13.4554
0.82525,0,-0.195312,-7.05561,0.084006,0.0529808,11.9339
0.826159,0,-0.851562,-6.86436,0.0781606,0.0470611,50.6214
0.827097,0,-0.675781,-7.80979,0.0719609,0.0409398,45.705
0.828246,0,-0.269531,-6.12911,0.0647426,0.0334197,14.3062
0.829194,0,-0.308594,-5.34786,0.0582772,0.027208,14.2917
0.830145,0,-0.546875,-7.82874,0.0520332,0.0209646,37.0764
0.831189,0,-0.421875,-7.04929,0.0455678,0.0141055,25.7542
0.832124,0,-0.65625,-7.52111,0.0394124,0.0079584,42.7434
0.833153,0,-0.410156,-5.64016,0.0328584,0.00118766,20.0336
0.834138,0,-0.425781,-7.1359,0.026083,-0.00529531,26.312
0.835097,0,-0.75,-6.96539,0.020149,-0.0116024,45.2402
0.83616,0,-0.125,-7.0538,0.0122223,-0.0185923,7.63574
0.837195,0,-0.371094,-5.45251,0.00624399,-0.025383,17.5226
0.838096,0,-1.22656,-6.25902,0.000797105,-0.0312963,66.4835
0.83915,0,-0.488281,-7.70515,-0.00659826,-0.0381936,32.5813
0.840327,0,0.0273438,-5.66542,-0.0145693,-0.0458811,-1.34155
0.841264,0,-0.0234375,-5.76736,-0.0214333,-0.0519872,1.17059
0.842187,0,-0.230469,-7.0926,-0.0274558,-0.0579874,14.1558
0.843282,0,0.0703125,-7.27663,-0.0342755,-0.0650746,-4.43079
0.844223,0,-0.511719,-7.12146,-0.0402538,-0.0711515,31.5587
0.845193,0,-0.765625,-6.10205,-0.0462321,-0.0773834,40.4585
0.846185,0,0.0195312,-7.15755,-0.0535832,-0.0837369,-1.21063
0.847268,0,0.492188,-5.36861,-0.0614657,-0.0906353,-22.8829
0.848256,0,2.25391,-6.39975,-0.0732008,-0.0968982,-124.916
0.850251,0,4.84766,-6.34021,-0.0867959,-0.109435,-266.167
0.852505,0,1.39062,-6.49267,-0.0924642,-0.123414,-78.1901
0.85319,0,-2.92969,-4.96085,-0.0957412,-0.127623,125.862
0.854227,0,-2.24609,-6.31586,-0.101808,-0.133946,122.851
0.855213,0,-2.53906,-5.01858,-0.106945,-0.139914,110.35
0.856287,0,-2.63672,-5.50664,-0.112967,-0.146358,125.739
0.857207,0,-2.62109,-5.29915,-0.118414,-0.151836,120.284
0.858271,0,-1.82812,-5.2378,-0.125278,-0.158106,82.9226
0.859181,0,-2.16406,-6.80662,-0.131611,-0.16342,127.561
0.860152,0,-1.22266,-5.59325,-0.136969,-0.169041,59.2224
0.861243,0,0.222656,-6.93562,-0.146224,-0.175282,-13.3733
0.862203,0,-0.351562,-6.81564,-0.150254,-0.180718,20.7504
0.863249,0,0.121094,-7.7701,-0.157827,-0.186568,-8.14828
0.866289,0,5.39453,-6.2094,-0.176692,-0.203161,-290.082
0.867212,0,0.222656,-6.78767,-0.182139,-0.208066,-13.088
0.868203,0,0.359375,-5.82149,-0.187718,-0.213268,-18.1176
0.869183,0,0.0742188,-5.08264,-0.192944,-0.218337,-3.26678
0.87027,0,1.86328,-5.04114,-0.203837,-0.223871,-81.3439
0.872279,0,2.35938,-5.41913,-0.210081,-0.23385,-110.725
0.873202,0,-0.0898438,-5.30095,-0.2142,-0.238323,4.12439
0.874241,0,-0.0234375,-5.33163,-0.219735,-0.243272,1.08215
0.875253,0,-0.0117188,-3.97481,-0.225182,-0.248001,0.403381
0.876211,0,-0.21875,-5.08083,-0.229212,-0.252397,9.625
0.877247,0,-0.214844,-5.76916,-0.233817,-0.257056,10.7338
0.878233,0,-0.257812,-5.06008,-0.2386,-0.261401,11.2974
0.879287,0,-0.0546875,-5.08715,-0.243958,-0.265944,2.40924
0.880333,0,-0.0195312,-4.50076,-0.248918,-0.270351,0.761261
0.882665,0,2.38281,-4.83004,-0.259679,-0.279791,-99.6686
0.884272,0,0.804688,-4.14081,-0.26641,-0.285984,-28.8556
0.885249,0,0.226562,-4.38168,-0.270617,-0.289622,-8.59698
0.886222,0,0.117188,-4.99603,-0.274603,-0.293147,-5.07019
0.887183,0,0.214844,-3.68072,-0.278367,-0.296533,-6.84814
0.888201,0,0.203125,-3.74657,-0.282529,-0.30001,-6.59045
0.889239,0,0.609375,-3.82957,-0.287356,-0.303445,-20.2094
0.890189,0,0.53125,-3.98474,-0.290412,-0.306485,-18.3323
0.891165,0,0.699219,-4.16607,-0.294353,-0.309508,-25.2265
0.892164,0,0.855469,-4.28876,-0.298472,-0.312492,-31.7726
0.893177,0,0.949219,-2.89315,-0.301306,-0.315406,-23.7824
0.894153,0,0.871094,-4.04789,-0.304893,-0.318101,-30.5359
0.895151,0,0.941406,-3.58058,-0.308214,-0.32075,-29.1909
0.896238,0,1.10938,-3.42992,-0.311801,-0.323505,-32.9519
0.897358,0,1.26953,-2.47276,-0.315167,-0.326199,-27.1858
0.898255,0,0.902344,-2.44118,-0.317558,-0.328254,-19.0761
0.899191,0,0.957031,-3.23957,-0.320171,-0.330298,-26.8492
0.900161,0,0.820312,-2.45562,-0.322562,-0.332308,-17.4445
0.901283,0,1.12891,-1.98831,-0.325529,-0.334493,-19.4384
0.902234,0,0.9375,-2.45291,-0.32792,-0.336228,-19.9146
0.90317,0,0.773438,-2.50974,-0.329736,-0.33783,-16.8102
0.904151,0,0.671875,-1.63828,-0.331596,-0.339397,-9.53223
0.905155,0,0.695312,-2.23459,-0.333677,-0.34088,-13.4554
0.906163,0,0.699219,-1.70774,-0.335581,-0.342246,-10.3408
0.907308,0,0.972656,-1.96936,-0.338371,-0.343649,-16.5883
0.90926,0,1.16016,-1.36403,-0.341072,-0.34567,-13.7043
0.911268,0,0.851562,-1.10512,-0.343065,-0.34726,-8.14972
0.912248,0,0.492188,-0.996861,-0.344305,-0.347856,-4.24896
0.913266,0,0.496094,-0.855225,-0.345191,-0.348349,-3.67419
0.914225,0,0.503906,-0.920179,-0.346165,-0.348696,-4.0155
0.915219,0,0.582031,-0.955362,-0.347006,-0.348936,-4.8154
0.916213,0,0.613281,-0.724415,-0.347671,-0.349053,-3.84738
0.917254,0,0.679688,-0.475426,-0.348335,-0.349044,-2.7984
0.91823,0,0.769531,-0.598116,-0.348866,-0.348914,-3.98593
0.919225,0,0.777344,-0.448362,-0.349265,-0.34866,-3.01828
0.9202,0,0.902344,-0.282369,-0.349531,-0.348292,-2.20651
0.921178,0,1.07031,-0.099235,-0.349708,-0.347805,-0.9198
0.922173,0,0.898438,-0.0568346,-0.349752,-0.347187,-0.4422
0.92326,0,0.917969,0.0243577,-0.349663,-0.346373,0.193634
0.924282,0,1.09375,0.340105,-0.349398,-0.345476,3.22144
0.925241,0,1.08984,0.325671,-0.349088,-0.344517,3.0737
0.926194,0,1.19141,0.418591,-0.348689,-0.343452,4.31885
0.927159,0,1.30078,0.442047,-0.348202,-0.342261,4.97955
0.928147,0,1.34375,0.631495,-0.347538,-0.340924,7.34863
0.929255,0,1.33984,1.10241,-0.346519,-0.339284,12.7913
0.930283,0,1.34766,0.809216,-0.345634,-0.337632,9.44412
0.93127,0,1.35938,1.24314,-0.344349,-0.335925,14.6345
0.933207,0,0.820312,0.942732,-0.342445,-0.332238,6.69708
0.934232,0,1.83984,1.32343,-0.341028,-0.330107,21.0863
0.935265,0,1.80859,1.76999,-0.33939,-0.327834,27.7224
0.93636,0,1.78906,1.75917,-0.337751,-0.32529,27.2552
0.937191,0,2.12109,1.84577,-0.33629,-0.323268,33.9044
0.938199,0,1.75,1.94861,-0.334341,-0.320706,29.5312
0.939232,0,1.67969,2.535,-0.33195,-0.317964,36.8744
0.940177,0,1.8125,2.10378,-0.33009,-0.315347,33.0215
0.941284,0,1.34766,2.55214,-0.327167,-0.312155,29.7853
0.942215,0,1.69141,2.3239,-0.324865,-0.309366,34.0396
0.943254,0,1.44922,2.76775,-0.322119,-0.306141,34.736
0.944277,0,1.58203,2.33202,-0.319595,-0.302848,31.9496
0.945175,0,1.74219,3.43804,-0.316849,-0.299867,51.8709
0.946193,0,1.29688,3.21612,-0.313838,-0.296384,36.12
0.947212,0,1.34766,3.4615,-0.31065,-0.292787,40.3981
0.948412,0,0.960938,3.00141,-0.306664,-0.288414,24.9769
0.949243,0,1.58594,3.86836,-0.303608,-0.285298,53.1289
0.950201,0,1.62109,3.22063,-0.300819,-0.281619,45.2133
0.951197,0,1.51953,3.2955,-0.29732,-0.277701,43.366
0.952192,0,1.31641,3.81513,-0.293733,-0.273685,43.4928
0.953235,0,1.27734,4.35461,-0.289482,-0.269371,48.1698
0.954237,0,1.42578,4.60901,-0.285984,-0.265133,56.9087
0.955209,0,1.26953,4.62615,-0.281998,-0.260925,50.8606
0.956195,0,1.32031,4.19042,-0.278101,-0.256571,47.9129
0.957182,0,1.29688,4.82011,-0.274248,-0.252126,54.1344
0.958193,0,1.30078,4.38348,-0.27013,-0.24748,49.3789
0.95922,0,1.43359,4.55218,-0.266233,-0.242667,56.515
0.960175,0,1.55469,4.71005,-0.26176,-0.238113,63.4142
0.961164,0,1.04297,3.82596,-0.256756,-0.233313,34.5565
0.962232,0,0.753906,3.86565,-0.252062,-0.228038,25.2382
0.963234,0,1.25391,3.83408,-0.247855,-0.223005,41.6336
0.964231,0,1.1875,5.05828,-0.242541,-0.217921,52.0181
0.965278,0,0.347656,5.68977,-0.235545,-0.212496,17.1302
0.967272,0,-0.457031,5.64918,-0.227706,-0.201938,-22.3588
0.968263,0,1.60938,5.22427,-0.223367,-0.196589,72.8116
0.969215,0,2.28516,4.6045,-0.219292,-0.191379,91.1206
0.970228,0,1.87891,4.35551,-0.214288,-0.185769,70.87
0.97125,0,1.67188,5.72947,-0.208443,-0.180044,82.9537
0.972231,0,1.53906,5.61399,-0.203527,-0.174483,74.8249
0.97321,0,1.39062,5.11601,-0.197328,-0.168874,61.6112
0.974182,0,1.5625,5.38124,-0.192634,-0.16325,72.8149
0.975278,0,1.125,5.33614,-0.186213,-0.156843,51.9873
0.976229,0,1.14453,5.15751,-0.180899,-0.151226,51.1194
0.977288,0,0.683594,5.75653,-0.173547,-0.144917,34.0782
0.978207,0,1,4.84898,-0.168942,-0.139391,41.9922
0.979187,0,1.02734,6.99336,-0.163274,-0.133456,62.2185
0.980228,0,0.515625,5.826,-0.156011,-0.127101,26.0149
0.981265,0,0.75,6.9681,-0.15052,-0.120727,45.2578
0.982256,0,0.949219,5.45071,-0.144896,-0.114588,44.8061
0.983225,0,0.863281,7.20356,-0.138563,-0.108544,53.8539
0.98426,0,0.550781,7.3461,-0.132187,-0.102053,35.0392
0.985279,0,0.417969,5.8287,-0.125234,-0.0956208,21.0976
0.98619,0,0.832031,5.54814,-0.120806,-0.0898421,39.9765
0.987177,0,0.894531,7.347,-0.11434,-0.0835535,56.9146
0.988208,0,0.640625,6.50711,-0.108096,-0.0769521,36.1002
0.989182,0,0.652344,5.39929,-0.101542,-0.07069,30.5022
0.990225,0,0.632812,5.14579,-0.0949441,-0.063952,28.1997
0.991179,0,0.820312,7.16838,-0.0890544,-0.0577713,50.9235
0.992233,0,0.8125,7.0114,-0.0818804,-0.050921,49.334
0.993198,0,0.558594,6.70468,-0.0759907,-0.0446357,32.4333
0.994229,0,0.542969,6.79669,-0.0693039,-0.0378944,31.9588
0.995234,0,-8.10156,5.7024,-0.0383496,-0.0313168,-400.078
